run_id,timestamp_utc,method,arm,impl_commit,rasteriser_commit,dataset,scene,resolution_flag,load_allres,kernel_size,disable_3D_filter,train_scale,test_scale,iterations,seed,psnr,ssim,lpips,lpips_backbone,n_gaussians,model_mb,peak_vram_mb,train_seconds,render_fps,gpu_model,platform,level_claimed,notes
r1-20260907T191018+0000-B-ship-1x,2026-09-07T19:10:18+00:00,3dgs,B,1b73d19c8b8a9297160bfcfb76c729a0b78afd07,1b73d19c8b8a9297160bfcfb76c729a0b78afd07,blender,ship,-1,False,0.3,True,1x,1x,30000,0,30.3079,0.89523,0.11218,vgg,422778,106.54,11963,2403.7,6.637,Tesla T4,kaggle,L1,"R1 Blender STMT, 30000 iters, 8-scene sweep"
r1-20260907T191018+0000-B-ship-12,2026-09-07T19:10:18+00:00,3dgs,B,1b73d19c8b8a9297160bfcfb76c729a0b78afd07,1b73d19c8b8a9297160bfcfb76c729a0b78afd07,blender,ship,-1,False,0.3,True,1x,1/2,30000,0,29.4475,0.90850,0.07555,vgg,422778,106.54,11963,2403.7,6.637,Tesla T4,kaggle,L1,"R1 Blender STMT, 30000 iters, 8-scene sweep"
r1-20260907T191018+0000-B-ship-14,2026-09-07T19:10:18+00:00,3dgs,B,1b73d19c8b8a9297160bfcfb76c729a0b78afd07,1b73d19c8b8a9297160bfcfb76c729a0b78afd07,blender,ship,-1,False,0.3,True,1x,1/4,30000,0,26.0755,0.90606,0.06977,vgg,422778,106.54,11963,2403.7,6.637,Tesla T4,kaggle,L1,"R1 Blender STMT, 30000 iters, 8-scene sweep"
r1-20260907T191018+0000-B-ship-18,2026-09-07T19:10:18+00:00,3dgs,B,1b73d19c8b8a9297160bfcfb76c729a0b78afd07,1b73d19c8b8a9297160bfcfb76c729a0b78afd07,blender,ship,-1,False,0.3,True,1x,1/8,30000,0,22.8143,0.89610,0.06916,vgg,422778,106.54,11963,2403.7,6.637,Tesla T4,kaggle,L1,"R1 Blender STMT, 30000 iters, 8-scene sweep"
r1-20260907T191018+0000-A-ship-1x,2026-09-07T19:10:18+00:00,mip-splatting,A,1b5964f9574311e13c8d9a9572179cdc760c30d7,1b5964f9574311e13c8d9a9572179cdc760c30d7,blender,ship,-1,False,0.1,False,1x,1x,30000,0,30.4821,0.89861,0.10886,vgg,442235,111.44,13755,2532.1,6.693,Tesla T4,kaggle,L1,"R1 Blender STMT, 30000 iters, 8-scene sweep"
r1-20260907T191018+0000-A-ship-12,2026-09-07T19:10:18+00:00,mip-splatting,A,1b5964f9574311e13c8d9a9572179cdc760c30d7,1b5964f9574311e13c8d9a9572179cdc760c30d7,blender,ship,-1,False,0.1,False,1x,1/2,30000,0,31.5095,0.91890,0.06612,vgg,442235,111.44,13755,2532.1,6.693,Tesla T4,kaggle,L1,"R1 Blender STMT, 30000 iters, 8-scene sweep"
r1-20260907T191018+0000-A-ship-14,2026-09-07T19:10:18+00:00,mip-splatting,A,1b5964f9574311e13c8d9a9572179cdc760c30d7,1b5964f9574311e13c8d9a9572179cdc760c30d7,blender,ship,-1,False,0.1,False,1x,1/4,30000,0,29.9868,0.93299,0.04855,vgg,442235,111.44,13755,2532.1,6.693,Tesla T4,kaggle,L1,"R1 Blender STMT, 30000 iters, 8-scene sweep"
r1-20260907T191018+0000-A-ship-18,2026-09-07T19:10:18+00:00,mip-splatting,A,1b5964f9574311e13c8d9a9572179cdc760c30d7,1b5964f9574311e13c8d9a9572179cdc760c30d7,blender,ship,-1,False,0.1,False,1x,1/8,30000,0,26.9014,0.93969,0.04701,vgg,442235,111.44,13755,2532.1,6.693,Tesla T4,kaggle,L1,"R1 Blender STMT, 30000 iters, 8-scene sweep"
r1-20260907T191018+0000-B-drums-1x,2026-09-07T19:10:18+00:00,3dgs,B,1b73d19c8b8a9297160bfcfb76c729a0b78afd07,1b73d19c8b8a9297160bfcfb76c729a0b78afd07,blender,drums,-1,False,0.3,True,1x,1x,30000,0,26.3582,0.95551,0.03762,vgg,288990,72.83,4811,1354.0,9.115,Tesla T4,kaggle,L1,"R1 Blender STMT, 30000 iters, 8-scene sweep"
r1-20260907T191018+0000-B-drums-12,2026-09-07T19:10:18+00:00,3dgs,B,1b73d19c8b8a9297160bfcfb76c729a0b78afd07,1b73d19c8b8a9297160bfcfb76c729a0b78afd07,blender,drums,-1,False,0.3,True,1x,1/2,30000,0,26.1475,0.95283,0.03546,vgg,288990,72.83,4811,1354.0,9.115,Tesla T4,kaggle,L1,"R1 Blender STMT, 30000 iters, 8-scene sweep"
r1-20260907T191018+0000-B-drums-14,2026-09-07T19:10:18+00:00,3dgs,B,1b73d19c8b8a9297160bfcfb76c729a0b78afd07,1b73d19c8b8a9297160bfcfb76c729a0b78afd07,blender,drums,-1,False,0.3,True,1x,1/4,30000,0,24.4337,0.93827,0.05221,vgg,288990,72.83,4811,1354.0,9.115,Tesla T4,kaggle,L1,"R1 Blender STMT, 30000 iters, 8-scene sweep"
r1-20260907T191018+0000-B-drums-18,2026-09-07T19:10:18+00:00,3dgs,B,1b73d19c8b8a9297160bfcfb76c729a0b78afd07,1b73d19c8b8a9297160bfcfb76c729a0b78afd07,blender,drums,-1,False,0.3,True,1x,1/8,30000,0,22.6468,0.92053,0.07438,vgg,288990,72.83,4811,1354.0,9.115,Tesla T4,kaggle,L1,"R1 Blender STMT, 30000 iters, 8-scene sweep"
r1-20260907T191018+0000-A-drums-1x,2026-09-07T19:10:18+00:00,mip-splatting,A,1b5964f9574311e13c8d9a9572179cdc760c30d7,1b5964f9574311e13c8d9a9572179cdc760c30d7,blender,drums,-1,False,0.1,False,1x,1x,30000,0,26.2146,0.95507,0.03756,vgg,342722,86.37,4897,1491.1,8.936,Tesla T4,kaggle,L1,"R1 Blender STMT, 30000 iters, 8-scene sweep"
r1-20260907T191018+0000-A-drums-12,2026-09-07T19:10:18+00:00,mip-splatting,A,1b5964f9574311e13c8d9a9572179cdc760c30d7,1b5964f9574311e13c8d9a9572179cdc760c30d7,blender,drums,-1,False,0.1,False,1x,1/2,30000,0,26.9499,0.95982,0.02915,vgg,342722,86.37,4897,1491.1,8.936,Tesla T4,kaggle,L1,"R1 Blender STMT, 30000 iters, 8-scene sweep"
r1-20260907T191018+0000-A-drums-14,2026-09-07T19:10:18+00:00,mip-splatting,A,1b5964f9574311e13c8d9a9572179cdc760c30d7,1b5964f9574311e13c8d9a9572179cdc760c30d7,blender,drums,-1,False,0.1,False,1x,1/4,30000,0,26.9074,0.96029,0.03304,vgg,342722,86.37,4897,1491.1,8.936,Tesla T4,kaggle,L1,"R1 Blender STMT, 30000 iters, 8-scene sweep"
r1-20260907T191018+0000-A-drums-18,2026-09-07T19:10:18+00:00,mip-splatting,A,1b5964f9574311e13c8d9a9572179cdc760c30d7,1b5964f9574311e13c8d9a9572179cdc760c30d7,blender,drums,-1,False,0.1,False,1x,1/8,30000,0,25.8188,0.95722,0.03968,vgg,342722,86.37,4897,1491.1,8.936,Tesla T4,kaggle,L1,"R1 Blender STMT, 30000 iters, 8-scene sweep"
r1-20260907T191018+0000-A-ficus-1x,2026-09-07T19:10:18+00:00,mip-splatting,A,1b5964f9574311e13c8d9a9572179cdc760c30d7,1b5964f9574311e13c8d9a9572179cdc760c30d7,blender,ficus,-1,False,0.1,False,1x,1x,30000,0,35.1917,0.98794,0.01139,vgg,185879,46.84,4267,1034.9,11.063,Tesla T4,kaggle,L1,"R1 Blender STMT, 30000 iters, 8-scene sweep"
r1-20260907T191018+0000-A-ficus-12,2026-09-07T19:10:18+00:00,mip-splatting,A,1b5964f9574311e13c8d9a9572179cdc760c30d7,1b5964f9574311e13c8d9a9572179cdc760c30d7,blender,ficus,-1,False,0.1,False,1x,1/2,30000,0,34.7899,0.99108,0.00774,vgg,185879,46.84,4267,1034.9,11.063,Tesla T4,kaggle,L1,"R1 Blender STMT, 30000 iters, 8-scene sweep"
r1-20260907T191018+0000-A-ficus-14,2026-09-07T19:10:18+00:00,mip-splatting,A,1b5964f9574311e13c8d9a9572179cdc760c30d7,1b5964f9574311e13c8d9a9572179cdc760c30d7,blender,ficus,-1,False,0.1,False,1x,1/4,30000,0,32.2949,0.98905,0.01148,vgg,185879,46.84,4267,1034.9,11.063,Tesla T4,kaggle,L1,"R1 Blender STMT, 30000 iters, 8-scene sweep"
r1-20260907T191018+0000-A-ficus-18,2026-09-07T19:10:18+00:00,mip-splatting,A,1b5964f9574311e13c8d9a9572179cdc760c30d7,1b5964f9574311e13c8d9a9572179cdc760c30d7,blender,ficus,-1,False,0.1,False,1x,1/8,30000,0,29.7424,0.98428,0.01602,vgg,185879,46.84,4267,1034.9,11.063,Tesla T4,kaggle,L1,"R1 Blender STMT, 30000 iters, 8-scene sweep"
r1-20260907T191018+0000-B-ficus-1x,2026-09-07T19:10:18+00:00,3dgs,B,1b73d19c8b8a9297160bfcfb76c729a0b78afd07,1b73d19c8b8a9297160bfcfb76c729a0b78afd07,blender,ficus,-1,False,0.3,True,1x,1x,30000,0,36.4215,0.98975,0.00938,vgg,242548,61.12,5083,1107.2,11.096,Tesla T4,kaggle,L1,"R1 Blender STMT, 30000 iters, 8-scene sweep"
r1-20260907T191018+0000-B-ficus-12,2026-09-07T19:10:18+00:00,3dgs,B,1b73d19c8b8a9297160bfcfb76c729a0b78afd07,1b73d19c8b8a9297160bfcfb76c729a0b78afd07,blender,ficus,-1,False,0.3,True,1x,1/2,30000,0,33.7419,0.98943,0.01025,vgg,242548,61.12,5083,1107.2,11.096,Tesla T4,kaggle,L1,"R1 Blender STMT, 30000 iters, 8-scene sweep"
r1-20260907T191018+0000-B-ficus-14,2026-09-07T19:10:18+00:00,3dgs,B,1b73d19c8b8a9297160bfcfb76c729a0b78afd07,1b73d19c8b8a9297160bfcfb76c729a0b78afd07,blender,ficus,-1,False,0.3,True,1x,1/4,30000,0,29.6351,0.98038,0.02309,vgg,242548,61.12,5083,1107.2,11.096,Tesla T4,kaggle,L1,"R1 Blender STMT, 30000 iters, 8-scene sweep"
r1-20260907T191018+0000-B-ficus-18,2026-09-07T19:10:18+00:00,3dgs,B,1b73d19c8b8a9297160bfcfb76c729a0b78afd07,1b73d19c8b8a9297160bfcfb76c729a0b78afd07,blender,ficus,-1,False,0.3,True,1x,1/8,30000,0,28.0791,0.97450,0.02617,vgg,242548,61.12,5083,1107.2,11.096,Tesla T4,kaggle,L1,"R1 Blender STMT, 30000 iters, 8-scene sweep"
r1-20260907T191018+0000-B-hotdog-1x,2026-09-07T19:10:18+00:00,3dgs,B,1b73d19c8b8a9297160bfcfb76c729a0b78afd07,1b73d19c8b8a9297160bfcfb76c729a0b78afd07,blender,hotdog,-1,False,0.3,True,1x,1x,30000,0,37.9771,0.98583,0.01968,vgg,143572,36.18,3921,1235.7,9.114,Tesla T4,kaggle,L1,"R1 Blender STMT, 30000 iters, 8-scene sweep"
r1-20260907T191018+0000-B-hotdog-12,2026-09-07T19:10:18+00:00,3dgs,B,1b73d19c8b8a9297160bfcfb76c729a0b78afd07,1b73d19c8b8a9297160bfcfb76c729a0b78afd07,blender,hotdog,-1,False,0.3,True,1x,1/2,30000,0,36.0580,0.98657,0.01311,vgg,143572,36.18,3921,1235.7,9.114,Tesla T4,kaggle,L1,"R1 Blender STMT, 30000 iters, 8-scene sweep"
r1-20260907T191018+0000-B-hotdog-14,2026-09-07T19:10:18+00:00,3dgs,B,1b73d19c8b8a9297160bfcfb76c729a0b78afd07,1b73d19c8b8a9297160bfcfb76c729a0b78afd07,blender,hotdog,-1,False,0.3,True,1x,1/4,30000,0,31.5267,0.97848,0.01588,vgg,143572,36.18,3921,1235.7,9.114,Tesla T4,kaggle,L1,"R1 Blender STMT, 30000 iters, 8-scene sweep"
r1-20260907T191018+0000-B-hotdog-18,2026-09-07T19:10:18+00:00,3dgs,B,1b73d19c8b8a9297160bfcfb76c729a0b78afd07,1b73d19c8b8a9297160bfcfb76c729a0b78afd07,blender,hotdog,-1,False,0.3,True,1x,1/8,30000,0,27.4267,0.95803,0.02290,vgg,143572,36.18,3921,1235.7,9.114,Tesla T4,kaggle,L1,"R1 Blender STMT, 30000 iters, 8-scene sweep"
r1-20260907T191018+0000-A-hotdog-1x,2026-09-07T19:10:18+00:00,mip-splatting,A,1b5964f9574311e13c8d9a9572179cdc760c30d7,1b5964f9574311e13c8d9a9572179cdc760c30d7,blender,hotdog,-1,False,0.1,False,1x,1x,30000,0,37.8762,0.98601,0.01875,vgg,194110,48.92,4051,1386.0,8.976,Tesla T4,kaggle,L1,"R1 Blender STMT, 30000 iters, 8-scene sweep"
r1-20260907T191018+0000-A-hotdog-12,2026-09-07T19:10:18+00:00,mip-splatting,A,1b5964f9574311e13c8d9a9572179cdc760c30d7,1b5964f9574311e13c8d9a9572179cdc760c30d7,blender,hotdog,-1,False,0.1,False,1x,1/2,30000,0,38.5485,0.98992,0.00943,vgg,194110,48.92,4051,1386.0,8.976,Tesla T4,kaggle,L1,"R1 Blender STMT, 30000 iters, 8-scene sweep"
r1-20260907T191018+0000-A-hotdog-14,2026-09-07T19:10:18+00:00,mip-splatting,A,1b5964f9574311e13c8d9a9572179cdc760c30d7,1b5964f9574311e13c8d9a9572179cdc760c30d7,blender,hotdog,-1,False,0.1,False,1x,1/4,30000,0,35.9827,0.98965,0.00950,vgg,194110,48.92,4051,1386.0,8.976,Tesla T4,kaggle,L1,"R1 Blender STMT, 30000 iters, 8-scene sweep"
r1-20260907T191018+0000-A-hotdog-18,2026-09-07T19:10:18+00:00,mip-splatting,A,1b5964f9574311e13c8d9a9572179cdc760c30d7,1b5964f9574311e13c8d9a9572179cdc760c30d7,blender,hotdog,-1,False,0.1,False,1x,1/8,30000,0,32.1774,0.98430,0.01501,vgg,194110,48.92,4051,1386.0,8.976,Tesla T4,kaggle,L1,"R1 Blender STMT, 30000 iters, 8-scene sweep"
r1-20260907T191018+0000-B-lego-1x,2026-09-07T19:10:18+00:00,3dgs,B,1b73d19c8b8a9297160bfcfb76c729a0b78afd07,1b73d19c8b8a9297160bfcfb76c729a0b78afd07,blender,lego,-1,False,0.3,True,1x,1x,30000,0,36.0831,0.98382,0.01527,vgg,227932,57.44,4355,1338.8,8.661,Tesla T4,kaggle,L1,"R1 Blender STMT, 30000 iters, 8-scene sweep"
r1-20260907T191018+0000-B-lego-12,2026-09-07T19:10:18+00:00,3dgs,B,1b73d19c8b8a9297160bfcfb76c729a0b78afd07,1b73d19c8b8a9297160bfcfb76c729a0b78afd07,blender,lego,-1,False,0.3,True,1x,1/2,30000,0,31.8793,0.98023,0.01607,vgg,227932,57.44,4355,1338.8,8.661,Tesla T4,kaggle,L1,"R1 Blender STMT, 30000 iters, 8-scene sweep"
r1-20260907T191018+0000-B-lego-14,2026-09-07T19:10:18+00:00,3dgs,B,1b73d19c8b8a9297160bfcfb76c729a0b78afd07,1b73d19c8b8a9297160bfcfb76c729a0b78afd07,blender,lego,-1,False,0.3,True,1x,1/4,30000,0,27.2166,0.95836,0.03532,vgg,227932,57.44,4355,1338.8,8.661,Tesla T4,kaggle,L1,"R1 Blender STMT, 30000 iters, 8-scene sweep"
r1-20260907T191018+0000-B-lego-18,2026-09-07T19:10:18+00:00,3dgs,B,1b73d19c8b8a9297160bfcfb76c729a0b78afd07,1b73d19c8b8a9297160bfcfb76c729a0b78afd07,blender,lego,-1,False,0.3,True,1x,1/8,30000,0,24.1008,0.93453,0.06543,vgg,227932,57.44,4355,1338.8,8.661,Tesla T4,kaggle,L1,"R1 Blender STMT, 30000 iters, 8-scene sweep"
r1-20260907T191018+0000-A-lego-1x,2026-09-07T19:10:18+00:00,mip-splatting,A,1b5964f9574311e13c8d9a9572179cdc760c30d7,1b5964f9574311e13c8d9a9572179cdc760c30d7,blender,lego,-1,False,0.1,False,1x,1x,30000,0,35.8818,0.98378,0.01505,vgg,293371,73.93,4653,1511.5,8.374,Tesla T4,kaggle,L1,"R1 Blender STMT, 30000 iters, 8-scene sweep"
r1-20260907T191018+0000-A-lego-12,2026-09-07T19:10:18+00:00,mip-splatting,A,1b5964f9574311e13c8d9a9572179cdc760c30d7,1b5964f9574311e13c8d9a9572179cdc760c30d7,blender,lego,-1,False,0.1,False,1x,1/2,30000,0,35.4345,0.98901,0.00852,vgg,293371,73.93,4653,1511.5,8.374,Tesla T4,kaggle,L1,"R1 Blender STMT, 30000 iters, 8-scene sweep"
r1-20260907T191018+0000-A-lego-14,2026-09-07T19:10:18+00:00,mip-splatting,A,1b5964f9574311e13c8d9a9572179cdc760c30d7,1b5964f9574311e13c8d9a9572179cdc760c30d7,blender,lego,-1,False,0.1,False,1x,1/4,30000,0,31.8458,0.98477,0.01333,vgg,293371,73.93,4653,1511.5,8.374,Tesla T4,kaggle,L1,"R1 Blender STMT, 30000 iters, 8-scene sweep"
r1-20260907T191018+0000-A-lego-18,2026-09-07T19:10:18+00:00,mip-splatting,A,1b5964f9574311e13c8d9a9572179cdc760c30d7,1b5964f9574311e13c8d9a9572179cdc760c30d7,blender,lego,-1,False,0.1,False,1x,1/8,30000,0,28.2608,0.97344,0.02541,vgg,293371,73.93,4653,1511.5,8.374,Tesla T4,kaggle,L1,"R1 Blender STMT, 30000 iters, 8-scene sweep"
r1-20260907T191018+0000-A-materials-1x,2026-09-07T19:10:18+00:00,mip-splatting,A,1b5964f9574311e13c8d9a9572179cdc760c30d7,1b5964f9574311e13c8d9a9572179cdc760c30d7,blender,materials,-1,False,0.1,False,1x,1x,30000,0,30.2652,0.96186,0.03318,vgg,242196,61.03,4333,1272.1,8.976,Tesla T4,kaggle,L1,"R1 Blender STMT, 30000 iters, 8-scene sweep"
r1-20260907T191018+0000-A-materials-12,2026-09-07T19:10:18+00:00,mip-splatting,A,1b5964f9574311e13c8d9a9572179cdc760c30d7,1b5964f9574311e13c8d9a9572179cdc760c30d7,blender,materials,-1,False,0.1,False,1x,1/2,30000,0,31.1993,0.97460,0.01560,vgg,242196,61.03,4333,1272.1,8.976,Tesla T4,kaggle,L1,"R1 Blender STMT, 30000 iters, 8-scene sweep"
r1-20260907T191018+0000-A-materials-14,2026-09-07T19:10:18+00:00,mip-splatting,A,1b5964f9574311e13c8d9a9572179cdc760c30d7,1b5964f9574311e13c8d9a9572179cdc760c30d7,blender,materials,-1,False,0.1,False,1x,1/4,30000,0,30.6662,0.98194,0.01194,vgg,242196,61.03,4333,1272.1,8.976,Tesla T4,kaggle,L1,"R1 Blender STMT, 30000 iters, 8-scene sweep"
r1-20260907T191018+0000-A-materials-18,2026-09-07T19:10:18+00:00,mip-splatting,A,1b5964f9574311e13c8d9a9572179cdc760c30d7,1b5964f9574311e13c8d9a9572179cdc760c30d7,blender,materials,-1,False,0.1,False,1x,1/8,30000,0,28.1997,0.98051,0.01472,vgg,242196,61.03,4333,1272.1,8.976,Tesla T4,kaggle,L1,"R1 Blender STMT, 30000 iters, 8-scene sweep"
r1-20260907T191018+0000-B-materials-1x,2026-09-07T19:10:18+00:00,3dgs,B,1b73d19c8b8a9297160bfcfb76c729a0b78afd07,1b73d19c8b8a9297160bfcfb76c729a0b78afd07,blender,materials,-1,False,0.3,True,1x,1x,30000,0,30.1209,0.96083,0.03434,vgg,216405,54.54,4383,1211.3,9.064,Tesla T4,kaggle,L1,"R1 Blender STMT, 30000 iters, 8-scene sweep"
r1-20260907T191018+0000-B-materials-12,2026-09-07T19:10:18+00:00,3dgs,B,1b73d19c8b8a9297160bfcfb76c729a0b78afd07,1b73d19c8b8a9297160bfcfb76c729a0b78afd07,blender,materials,-1,False,0.3,True,1x,1/2,30000,0,29.6599,0.96950,0.01888,vgg,216405,54.54,4383,1211.3,9.064,Tesla T4,kaggle,L1,"R1 Blender STMT, 30000 iters, 8-scene sweep"
r1-20260907T191018+0000-B-materials-14,2026-09-07T19:10:18+00:00,3dgs,B,1b73d19c8b8a9297160bfcfb76c729a0b78afd07,1b73d19c8b8a9297160bfcfb76c729a0b78afd07,blender,materials,-1,False,0.3,True,1x,1/4,30000,0,26.6565,0.96233,0.02050,vgg,216405,54.54,4383,1211.3,9.064,Tesla T4,kaggle,L1,"R1 Blender STMT, 30000 iters, 8-scene sweep"
r1-20260907T191018+0000-B-materials-18,2026-09-07T19:10:18+00:00,3dgs,B,1b73d19c8b8a9297160bfcfb76c729a0b78afd07,1b73d19c8b8a9297160bfcfb76c729a0b78afd07,blender,materials,-1,False,0.3,True,1x,1/8,30000,0,23.1991,0.94204,0.02893,vgg,216405,54.54,4383,1211.3,9.064,Tesla T4,kaggle,L1,"R1 Blender STMT, 30000 iters, 8-scene sweep"
r1-20260907T191018+0000-A-mic-1x,2026-09-07T19:10:18+00:00,mip-splatting,A,1b5964f9574311e13c8d9a9572179cdc760c30d7,1b5964f9574311e13c8d9a9572179cdc760c30d7,blender,mic,-1,False,0.1,False,1x,1x,30000,0,35.6498,0.99189,0.00590,vgg,407337,102.65,7207,1720.7,10.347,Tesla T4,kaggle,L1,"R1 Blender STMT, 30000 iters, 8-scene sweep"
r1-20260907T191018+0000-A-mic-12,2026-09-07T19:10:18+00:00,mip-splatting,A,1b5964f9574311e13c8d9a9572179cdc760c30d7,1b5964f9574311e13c8d9a9572179cdc760c30d7,blender,mic,-1,False,0.1,False,1x,1/2,30000,0,35.7319,0.99308,0.00476,vgg,407337,102.65,7207,1720.7,10.347,Tesla T4,kaggle,L1,"R1 Blender STMT, 30000 iters, 8-scene sweep"
r1-20260907T191018+0000-A-mic-14,2026-09-07T19:10:18+00:00,mip-splatting,A,1b5964f9574311e13c8d9a9572179cdc760c30d7,1b5964f9574311e13c8d9a9572179cdc760c30d7,blender,mic,-1,False,0.1,False,1x,1/4,30000,0,30.4515,0.98783,0.01513,vgg,407337,102.65,7207,1720.7,10.347,Tesla T4,kaggle,L1,"R1 Blender STMT, 30000 iters, 8-scene sweep"
r1-20260907T191018+0000-A-mic-18,2026-09-07T19:10:18+00:00,mip-splatting,A,1b5964f9574311e13c8d9a9572179cdc760c30d7,1b5964f9574311e13c8d9a9572179cdc760c30d7,blender,mic,-1,False,0.1,False,1x,1/8,30000,0,25.0230,0.97199,0.03391,vgg,407337,102.65,7207,1720.7,10.347,Tesla T4,kaggle,L1,"R1 Blender STMT, 30000 iters, 8-scene sweep"
r1-20260907T191018+0000-B-mic-1x,2026-09-07T19:10:18+00:00,3dgs,B,1b73d19c8b8a9297160bfcfb76c729a0b78afd07,1b73d19c8b8a9297160bfcfb76c729a0b78afd07,blender,mic,-1,False,0.3,True,1x,1x,30000,0,35.4449,0.99157,0.00615,vgg,414389,104.43,7229,1680.7,9.967,Tesla T4,kaggle,L1,"R1 Blender STMT, 30000 iters, 8-scene sweep"
r1-20260907T191018+0000-B-mic-12,2026-09-07T19:10:18+00:00,3dgs,B,1b73d19c8b8a9297160bfcfb76c729a0b78afd07,1b73d19c8b8a9297160bfcfb76c729a0b78afd07,blender,mic,-1,False,0.3,True,1x,1/2,30000,0,31.0576,0.98450,0.00823,vgg,414389,104.43,7229,1680.7,9.967,Tesla T4,kaggle,L1,"R1 Blender STMT, 30000 iters, 8-scene sweep"
r1-20260907T191018+0000-B-mic-14,2026-09-07T19:10:18+00:00,3dgs,B,1b73d19c8b8a9297160bfcfb76c729a0b78afd07,1b73d19c8b8a9297160bfcfb76c729a0b78afd07,blender,mic,-1,False,0.3,True,1x,1/4,30000,0,24.4475,0.95963,0.02783,vgg,414389,104.43,7229,1680.7,9.967,Tesla T4,kaggle,L1,"R1 Blender STMT, 30000 iters, 8-scene sweep"
r1-20260907T191018+0000-B-mic-18,2026-09-07T19:10:18+00:00,3dgs,B,1b73d19c8b8a9297160bfcfb76c729a0b78afd07,1b73d19c8b8a9297160bfcfb76c729a0b78afd07,blender,mic,-1,False,0.3,True,1x,1/8,30000,0,19.7021,0.91401,0.05581,vgg,414389,104.43,7229,1680.7,9.967,Tesla T4,kaggle,L1,"R1 Blender STMT, 30000 iters, 8-scene sweep"
r1-20260907T191018+0000-A-chair-1x,2026-09-07T19:10:18+00:00,mip-splatting,A,1b5964f9574311e13c8d9a9572179cdc760c30d7,1b5964f9574311e13c8d9a9572179cdc760c30d7,blender,chair,-1,False,0.1,False,1x,1x,30000,0,35.9480,0.98755,0.01288,vgg,267188,67.33,4491,1325.0,9.637,Tesla T4,kaggle,L1,"R1 Blender STMT, 30000 iters, 8-scene sweep"
r1-20260907T191018+0000-A-chair-12,2026-09-07T19:10:18+00:00,mip-splatting,A,1b5964f9574311e13c8d9a9572179cdc760c30d7,1b5964f9574311e13c8d9a9572179cdc760c30d7,blender,chair,-1,False,0.1,False,1x,1/2,30000,0,37.8965,0.99245,0.00750,vgg,267188,67.33,4491,1325.0,9.637,Tesla T4,kaggle,L1,"R1 Blender STMT, 30000 iters, 8-scene sweep"
r1-20260907T191018+0000-A-chair-14,2026-09-07T19:10:18+00:00,mip-splatting,A,1b5964f9574311e13c8d9a9572179cdc760c30d7,1b5964f9574311e13c8d9a9572179cdc760c30d7,blender,chair,-1,False,0.1,False,1x,1/4,30000,0,36.1190,0.98954,0.01190,vgg,267188,67.33,4491,1325.0,9.637,Tesla T4,kaggle,L1,"R1 Blender STMT, 30000 iters, 8-scene sweep"
r1-20260907T191018+0000-A-chair-18,2026-09-07T19:10:18+00:00,mip-splatting,A,1b5964f9574311e13c8d9a9572179cdc760c30d7,1b5964f9574311e13c8d9a9572179cdc760c30d7,blender,chair,-1,False,0.1,False,1x,1/8,30000,0,32.4866,0.98155,0.02086,vgg,267188,67.33,4491,1325.0,9.637,Tesla T4,kaggle,L1,"R1 Blender STMT, 30000 iters, 8-scene sweep"
r1-20260907T191018+0000-B-chair-1x,2026-09-07T19:10:18+00:00,3dgs,B,1b73d19c8b8a9297160bfcfb76c729a0b78afd07,1b73d19c8b8a9297160bfcfb76c729a0b78afd07,blender,chair,-1,False,0.3,True,1x,1x,30000,0,36.0802,0.98766,0.01326,vgg,318263,80.20,5047,1343.4,9.573,Tesla T4,kaggle,L1,"R1 Blender STMT, 30000 iters, 8-scene sweep"
r1-20260907T191018+0000-B-chair-12,2026-09-07T19:10:18+00:00,3dgs,B,1b73d19c8b8a9297160bfcfb76c729a0b78afd07,1b73d19c8b8a9297160bfcfb76c729a0b78afd07,blender,chair,-1,False,0.3,True,1x,1/2,30000,0,35.2614,0.98621,0.01429,vgg,318263,80.20,5047,1343.4,9.573,Tesla T4,kaggle,L1,"R1 Blender STMT, 30000 iters, 8-scene sweep"
r1-20260907T191018+0000-B-chair-14,2026-09-07T19:10:18+00:00,3dgs,B,1b73d19c8b8a9297160bfcfb76c729a0b78afd07,1b73d19c8b8a9297160bfcfb76c729a0b78afd07,blender,chair,-1,False,0.3,True,1x,1/4,30000,0,32.0730,0.97790,0.02340,vgg,318263,80.20,5047,1343.4,9.573,Tesla T4,kaggle,L1,"R1 Blender STMT, 30000 iters, 8-scene sweep"
r1-20260907T191018+0000-B-chair-18,2026-09-07T19:10:18+00:00,3dgs,B,1b73d19c8b8a9297160bfcfb76c729a0b78afd07,1b73d19c8b8a9297160bfcfb76c729a0b78afd07,blender,chair,-1,False,0.3,True,1x,1/8,30000,0,28.1081,0.95691,0.04408,vgg,318263,80.20,5047,1343.4,9.573,Tesla T4,kaggle,L1,"R1 Blender STMT, 30000 iters, 8-scene sweep"
